ID	Name	Date	Registration Time	
1	Ana	1/1/2020	11:12	
2	Jame	1/2/2020	11:13	
3	Joe	1/3/2020	11:14	
4	Aqib	1/4/2020	11:15	
5	Azfar	1/5/2020	11:16	
6	Awais	1/6/2020	11:17	
7	Moiz	1/7/2020	11:18	
8	Atif	1/8/2020	11:19	
9	Irtaza	1/9/2020	11:20	
10	Cheema	1/10/2020	11:21	
11	Devid	1/11/2020	11:22	
12	Benik	1/12/2020	11:23	
13	Talha	1/13/2020	11:24	
14	Ihsan	1/14/2020	11:25	
15	Yousaf	1/15/2020	11:26	
16	Khalil	1/16/2020	11:27	
17	Khalil	1/17/2020	12:27	
18	Khalil	1/18/2020	13:27	
19	Khalil	1/19/2020	14:27	
20	Khalil	1/20/2020	15:27	
21	Khalil	1/21/2020	16:27	
22	Khalil	1/22/2020	17:27	
23	Khalil	1/23/2020	18:27	
24	Khalil	1/24/2020	19:27	
